,LightRAG,LightRAG,LightRAG,GraphRAG,GraphRAG,GraphRAG,NaiveRAG,NaiveRAG,NaiveRAG
,Mean,Std,Count,Mean,Std,Count,Mean,Std,Count
Rel,0.698248,0.368263,21,0.777482,0.292526,20,0.661738,0.396180,21
Fact-F1,0.367143,0.286114,21,0.293500,0.154009,20,0.450500,0.294841,20
Fact-Rec,0.361429,0.295098,21,0.344000,0.192036,20,0.442500,0.312357,20
SemSim,0.755377,0.113360,21,0.710952,0.101560,20,0.796971,0.106420,21
