,LightRAG,LightRAG,LightRAG,GraphRAG,GraphRAG,GraphRAG,NaiveRAG,NaiveRAG,NaiveRAG
,Mean,Std,Count,Mean,Std,Count,Mean,Std,Count
Rel,0.840568,0.108324,40,0.835032,0.109809,40,0.811711,0.172961,40
Fact-F1,0.456750,0.241633,40,0.386000,0.211379,40,0.458000,0.231596,40
Fact-Rec,0.725000,0.282380,40,0.634000,0.317957,40,0.736000,0.272018,40
SemSim,0.685031,0.111487,40,0.669859,0.111742,40,0.689537,0.123825,40
