{
    "total_runtime": 7786.851726293564,
    "num_documents": 1,
    "input_load_time": 0,
    "workflows": {
        "create_base_text_units": {
            "overall": 0.21471929550170898
        },
        "create_final_documents": {
            "overall": 0.034121036529541016
        },
        "extract_graph": {
            "overall": 4770.2154223918915
        },
        "finalize_graph": {
            "overall": 0.05239272117614746
        },
        "create_communities": {
            "overall": 0.05970573425292969
        },
        "create_final_text_units": {
            "overall": 0.04812979698181152
        },
        "create_community_reports": {
            "overall": 3013.6130611896515
        },
        "generate_text_embeddings": {
            "overall": 2.4886744022369385
        }
    }
}